ID,session,date,NovacoAnger
1,1,2025-06-10,21
1,2,2025-06-17,18
1,3,2025-06-24,18
2,1,2025-05-28,14
2,2,2025-06-04,18
2,3,2025-06-11,20
3,1,2025-06-15,16
3,2,2025-06-22,22
3,3,2025-06-29,24
4,1,2025-07-18,18
4,2,2025-07-25,14
4,3,2025-08-01,20
5,1,2025-05-23,19
5,2,2025-05-30,14
5,3,2025-06-06,19
6,1,2025-06-22,20
6,2,2025-06-29,25
6,3,2025-07-06,23
7,1,2025-06-14,16
7,2,2025-06-21,21
7,3,2025-06-28,16
8,1,2025-06-16,20
8,2,2025-06-23,18
8,3,2025-06-30,17
9,1,2025-04-11,18
9,2,2025-04-18,21
9,3,2025-04-25,21
10,1,2025-04-17,20
10,2,2025-04-24,16
10,3,2025-05-01,19
11,1,2025-02-27,15
11,2,2025-03-06,19
11,3,2025-03-13,15
12,1,2025-04-01,12
12,2,2025-04-08,16
12,3,2025-04-15,20
13,1,2025-08-21,19
13,2,2025-08-28,21
13,3,2025-09-04,13
14,1,2025-04-30,15
14,2,2025-05-07,22
14,3,2025-05-14,14
15,1,2025-08-17,19
15,2,2025-08-24,22
15,3,2025-08-31,24
16,1,2025-05-02,16
16,2,2025-05-09,14
16,3,2025-05-16,16
17,1,2025-07-25,20
17,2,2025-08-01,25
17,3,2025-08-08,15
18,1,2025-07-14,11
18,2,2025-07-21,20
18,3,2025-07-28,17
19,1,2025-05-15,14
19,2,2025-05-22,18
19,3,2025-05-29,18
20,1,2025-08-24,19
20,2,2025-08-31,22
20,3,2025-09-07,13
21,1,2025-08-01,13
21,2,2025-08-08,21
21,3,2025-08-15,18
22,1,2025-02-28,15
22,2,2025-03-07,15
22,3,2025-03-14,13
23,1,2025-03-31,23
23,2,2025-04-07,13
23,3,2025-04-14,13
24,1,2025-03-29,16
24,2,2025-04-05,13
24,3,2025-04-12,21
25,1,2025-05-09,20
25,2,2025-05-16,16
25,3,2025-05-23,15
26,1,2025-06-22,12
26,2,2025-06-29,13
26,3,2025-07-06,21
27,1,2025-03-13,11
27,2,2025-03-20,20
27,3,2025-03-27,23
28,1,2025-03-31,15
28,2,2025-04-07,18
28,3,2025-04-14,17
29,1,2025-06-19,22
29,2,2025-06-26,17
29,3,2025-07-03,18
30,1,2025-06-29,21
30,2,2025-07-06,23
30,3,2025-07-13,18
31,1,2025-03-13,19
31,2,2025-03-20,18
31,3,2025-03-27,20
32,1,2025-07-17,19
32,2,2025-07-24,22
32,3,2025-07-31,17
33,1,2025-05-16,15
33,2,2025-05-23,16
33,3,2025-05-30,18
34,1,2025-07-15,17
34,2,2025-07-22,19
34,3,2025-07-29,22
35,1,2025-05-02,16
35,2,2025-05-09,19
35,3,2025-05-16,14
36,1,2025-08-09,18
36,2,2025-08-16,23
36,3,2025-08-23,11
37,1,2025-07-15,20
37,2,2025-07-22,17
37,3,2025-07-29,20
38,1,2025-03-13,17
38,2,2025-03-20,25
38,3,2025-03-27,18
39,1,2025-07-30,23
39,2,2025-08-06,14
39,3,2025-08-13,22
40,1,2025-07-26,19
40,2,2025-08-02,19
40,3,2025-08-09,24
41,1,2025-04-21,17
41,2,2025-04-28,20
41,3,2025-05-05,22
42,1,2025-05-25,15
42,2,2025-06-01,20
42,3,2025-06-08,15
43,1,2025-06-03,13
43,2,2025-06-10,19
43,3,2025-06-17,21
44,1,2025-06-01,16
44,2,2025-06-08,18
44,3,2025-06-15,17
45,1,2025-08-12,25
45,2,2025-08-19,17
45,3,2025-08-26,23
46,1,2025-03-06,21
46,2,2025-03-13,16
46,3,2025-03-20,24
47,1,2025-03-16,22
47,2,2025-03-23,11
47,3,2025-03-30,12
48,1,2025-06-20,22
48,2,2025-06-27,11
48,3,2025-07-04,18
49,1,2025-05-17,18
49,2,2025-05-24,21
49,3,2025-05-31,20
50,1,2025-07-24,20
50,2,2025-07-31,19
50,3,2025-08-07,17
